danceability,energy,key,loudness,mode,speechiness,acousticness,instrumentalness,liveness,valence,tempo,type,id,uri,track_href,analysis_url,duration_ms,time_signature
0.599,0.722,1,-4.032,1,0.0934,0.0256,0.0,0.0896,0.557,102.147,audio_features,4mEPquRcjE0gTFoylj2b5v,spotify:track:4mEPquRcjE0gTFoylj2b5v,https://api.spotify.com/v1/tracks/4mEPquRcjE0gTFoylj2b5v,https://api.spotify.com/v1/audio-analysis/4mEPquRcjE0gTFoylj2b5v,167093,4
0.737,0.636,11,-4.546,0,0.0437,0.0441,6.66e-05,0.35,0.565,105.005,audio_features,6kPJZM97LwdG9QIsT7khp6,spotify:track:6kPJZM97LwdG9QIsT7khp6,https://api.spotify.com/v1/tracks/6kPJZM97LwdG9QIsT7khp6,https://api.spotify.com/v1/audio-analysis/6kPJZM97LwdG9QIsT7khp6,222653,4
0.663,0.713,7,-6.647,0,0.112,0.0353,7.68e-06,0.0843,0.69,101.965,audio_features,0vbtURX4qv1l7besfwmnD8,spotify:track:0vbtURX4qv1l7besfwmnD8,https://api.spotify.com/v1/tracks/0vbtURX4qv1l7besfwmnD8,https://api.spotify.com/v1/audio-analysis/0vbtURX4qv1l7besfwmnD8,197933,4
0.636,0.815,5,-5.098,0,0.0581,0.0185,0.0,0.163,0.636,123.063,audio_features,3NFuE3uDOr6QUw9UZ9HzKo,spotify:track:3NFuE3uDOr6QUw9UZ9HzKo,https://api.spotify.com/v1/tracks/3NFuE3uDOr6QUw9UZ9HzKo,https://api.spotify.com/v1/audio-analysis/3NFuE3uDOr6QUw9UZ9HzKo,219043,4
0.664,0.705,1,-4.972,0,0.0382,0.0654,0.0,0.118,0.477,122.016,audio_features,2tpWsVSb9UEmDRxAl1zhX1,spotify:track:2tpWsVSb9UEmDRxAl1zhX1,https://api.spotify.com/v1/tracks/2tpWsVSb9UEmDRxAl1zhX1,https://api.spotify.com/v1/audio-analysis/2tpWsVSb9UEmDRxAl1zhX1,257267,4
0.736,0.949,9,-3.246,0,0.0527,0.189,0.0169,0.067,0.687,109.991,audio_features,2iqIPpMrW9DCcs6XmxNFsY,spotify:track:2iqIPpMrW9DCcs6XmxNFsY,https://api.spotify.com/v1/tracks/2iqIPpMrW9DCcs6XmxNFsY,https://api.spotify.com/v1/audio-analysis/2iqIPpMrW9DCcs6XmxNFsY,200727,4
0.653,0.816,2,-4.353,1,0.167,0.228,0.0,0.0967,0.816,178.086,audio_features,6rPO02ozF3bM7NnOV4h6s2,spotify:track:6rPO02ozF3bM7NnOV4h6s2,https://api.spotify.com/v1/tracks/6rPO02ozF3bM7NnOV4h6s2,https://api.spotify.com/v1/audio-analysis/6rPO02ozF3bM7NnOV4h6s2,228827,4
0.718,0.609,0,-4.699,0,0.0429,0.281,3.29e-05,0.234,0.497,122.948,audio_features,4SPLWgCPoKwULz2UTM8TKg,spotify:track:4SPLWgCPoKwULz2UTM8TKg,https://api.spotify.com/v1/tracks/4SPLWgCPoKwULz2UTM8TKg,https://api.spotify.com/v1/audio-analysis/4SPLWgCPoKwULz2UTM8TKg,214867,4
0.762,0.7,9,-6.021,0,0.0694,0.00261,1.56e-05,0.153,0.608,116.073,audio_features,2ekn2ttSfGqwhhate0LSR0,spotify:track:2ekn2ttSfGqwhhate0LSR0,https://api.spotify.com/v1/tracks/2ekn2ttSfGqwhhate0LSR0,https://api.spotify.com/v1/audio-analysis/2ekn2ttSfGqwhhate0LSR0,209320,4
0.72,0.763,9,-4.068,0,0.0523,0.406,0.0,0.18,0.742,101.965,audio_features,5knuzwU65gJK7IF5yJsuaW,spotify:track:5knuzwU65gJK7IF5yJsuaW,https://api.spotify.com/v1/tracks/5knuzwU65gJK7IF5yJsuaW,https://api.spotify.com/v1/audio-analysis/5knuzwU65gJK7IF5yJsuaW,251088,4
0.765,0.523,2,-4.333,1,0.03,0.184,3.56e-05,0.132,0.394,104.988,audio_features,1rfofaqEpACxVEHIZBJe6W,spotify:track:1rfofaqEpACxVEHIZBJe6W,https://api.spotify.com/v1/tracks/1rfofaqEpACxVEHIZBJe6W,https://api.spotify.com/v1/audio-analysis/1rfofaqEpACxVEHIZBJe6W,217307,4
0.702,0.635,11,-6.917,0,0.265,0.0223,0.0,0.283,0.873,144.004,audio_features,3Du2K5dLzmduCNp6uwuaL0,spotify:track:3Du2K5dLzmduCNp6uwuaL0,https://api.spotify.com/v1/tracks/3Du2K5dLzmduCNp6uwuaL0,https://api.spotify.com/v1/audio-analysis/3Du2K5dLzmduCNp6uwuaL0,203760,4
0.775,0.613,3,-4.586,0,0.0542,0.109,2.33e-05,0.134,0.797,100.066,audio_features,5cF0dROlMOK5uNZtivgu50,spotify:track:5cF0dROlMOK5uNZtivgu50,https://api.spotify.com/v1/tracks/5cF0dROlMOK5uNZtivgu50,https://api.spotify.com/v1/audio-analysis/5cF0dROlMOK5uNZtivgu50,208787,4
0.866,0.813,11,-4.063,0,0.0554,0.38,0.0,0.0779,0.969,121.998,audio_features,7JJmb5XwzOO8jgpou264Ml,spotify:track:7JJmb5XwzOO8jgpou264Ml,https://api.spotify.com/v1/tracks/7JJmb5XwzOO8jgpou264Ml,https://api.spotify.com/v1/audio-analysis/7JJmb5XwzOO8jgpou264Ml,199440,4
0.825,0.652,1,-3.183,0,0.0802,0.581,0.0,0.0931,0.931,95.977,audio_features,7qiZfU4dY1lWllzX7mPBI3,spotify:track:7qiZfU4dY1lWllzX7mPBI3,https://api.spotify.com/v1/tracks/7qiZfU4dY1lWllzX7mPBI3,https://api.spotify.com/v1/audio-analysis/7qiZfU4dY1lWllzX7mPBI3,233713,4
0.548,0.65,8,-5.827,0,0.0591,0.219,0.0,0.225,0.557,144.937,audio_features,3A7qX2QjDlPnazUsRk5y0M,spotify:track:3A7qX2QjDlPnazUsRk5y0M,https://api.spotify.com/v1/tracks/3A7qX2QjDlPnazUsRk5y0M,https://api.spotify.com/v1/audio-analysis/3A7qX2QjDlPnazUsRk5y0M,194897,4
0.724,0.804,11,-4.614,0,0.0448,0.124,0.0,0.204,0.306,124.987,audio_features,0tBbt8CrmxbjRP0pueQkyU,spotify:track:0tBbt8CrmxbjRP0pueQkyU,https://api.spotify.com/v1/tracks/0tBbt8CrmxbjRP0pueQkyU,https://api.spotify.com/v1/audio-analysis/0tBbt8CrmxbjRP0pueQkyU,197993,4
0.258,0.437,11,-6.593,0,0.039,0.101,1.27e-06,0.106,0.0967,180.043,audio_features,1j4kHkkpqZRBwE0A4CN4Yv,spotify:track:1j4kHkkpqZRBwE0A4CN4Yv,https://api.spotify.com/v1/tracks/1j4kHkkpqZRBwE0A4CN4Yv,https://api.spotify.com/v1/audio-analysis/1j4kHkkpqZRBwE0A4CN4Yv,239000,4
0.737,0.792,11,-4.117,0,0.0416,0.102,0.0,0.0532,0.543,104.012,audio_features,47OVNnZJzIkrsEiZ4n187p,spotify:track:47OVNnZJzIkrsEiZ4n187p,https://api.spotify.com/v1/tracks/47OVNnZJzIkrsEiZ4n187p,https://api.spotify.com/v1/audio-analysis/47OVNnZJzIkrsEiZ4n187p,184134,4
0.605,0.822,0,-4.833,1,0.0438,0.00671,0.134,0.147,0.288,167.997,audio_features,1zB4vmk8tFRmM9UULNzbLB,spotify:track:1zB4vmk8tFRmM9UULNzbLB,https://api.spotify.com/v1/tracks/1zB4vmk8tFRmM9UULNzbLB,https://api.spotify.com/v1/audio-analysis/1zB4vmk8tFRmM9UULNzbLB,187147,4
0.853,0.56,1,-4.961,1,0.0406,0.013,0.0,0.0944,0.86,134.066,audio_features,0KKkJNfGyhkQ5aFogxQAPU,spotify:track:0KKkJNfGyhkQ5aFogxQAPU,https://api.spotify.com/v1/tracks/0KKkJNfGyhkQ5aFogxQAPU,https://api.spotify.com/v1/audio-analysis/0KKkJNfGyhkQ5aFogxQAPU,206693,4
0.599,0.448,8,-6.312,1,0.0232,0.163,0.0,0.106,0.168,95.05,audio_features,0tgVpDi06FyKpA1z0VMD4v,spotify:track:0tgVpDi06FyKpA1z0VMD4v,https://api.spotify.com/v1/tracks/0tgVpDi06FyKpA1z0VMD4v,https://api.spotify.com/v1/audio-analysis/0tgVpDi06FyKpA1z0VMD4v,263400,3
0.609,0.668,7,-4.284,1,0.0367,0.0552,0.0,0.167,0.811,80.924,audio_features,3DXncPQOG4VBw3QHh3S817,spotify:track:3DXncPQOG4VBw3QHh3S817,https://api.spotify.com/v1/tracks/3DXncPQOG4VBw3QHh3S817,https://api.spotify.com/v1/audio-analysis/3DXncPQOG4VBw3QHh3S817,288600,4
0.585,0.52,5,-6.136,0,0.0712,0.124,7.01e-05,0.131,0.129,159.801,audio_features,0e7ipj03S05BNilyu5bRzt,spotify:track:0e7ipj03S05BNilyu5bRzt,https://api.spotify.com/v1/tracks/0e7ipj03S05BNilyu5bRzt,https://api.spotify.com/v1/audio-analysis/0e7ipj03S05BNilyu5bRzt,218147,4
0.62,0.574,5,-7.788,0,0.0479,0.57,0.0,0.19,0.352,100.021,audio_features,5tz69p7tJuGPeMGwNTxYuV,spotify:track:5tz69p7tJuGPeMGwNTxYuV,https://api.spotify.com/v1/tracks/5tz69p7tJuGPeMGwNTxYuV,https://api.spotify.com/v1/audio-analysis/5tz69p7tJuGPeMGwNTxYuV,250173,4
0.836,0.544,7,-5.975,1,0.0943,0.0403,0.0,0.0824,0.51,97.028,audio_features,76cy1WJvNGJTj78UqeA5zr,spotify:track:76cy1WJvNGJTj78UqeA5zr,https://api.spotify.com/v1/tracks/76cy1WJvNGJTj78UqeA5zr,https://api.spotify.com/v1/audio-analysis/76cy1WJvNGJTj78UqeA5zr,217947,4
0.626,0.88,9,-2.384,0,0.0504,0.205,0.0,0.128,0.534,95.079,audio_features,08bNPGLD8AhKpnnERrAc6G,spotify:track:08bNPGLD8AhKpnnERrAc6G,https://api.spotify.com/v1/tracks/08bNPGLD8AhKpnnERrAc6G,https://api.spotify.com/v1/audio-analysis/08bNPGLD8AhKpnnERrAc6G,202621,4
0.748,0.749,8,-5.916,0,0.516,0.142,0.0,0.0713,0.659,90.09,audio_features,1cS0TgbR263ey9jn0MwD2s,spotify:track:1cS0TgbR263ey9jn0MwD2s,https://api.spotify.com/v1/tracks/1cS0TgbR263ey9jn0MwD2s,https://api.spotify.com/v1/audio-analysis/1cS0TgbR263ey9jn0MwD2s,221013,4
0.748,0.524,8,-5.599,1,0.0338,0.414,0.0,0.111,0.661,95.01,audio_features,7BKLCZ1jbUBVqRi2FVlTVw,spotify:track:7BKLCZ1jbUBVqRi2FVlTVw,https://api.spotify.com/v1/tracks/7BKLCZ1jbUBVqRi2FVlTVw,https://api.spotify.com/v1/audio-analysis/7BKLCZ1jbUBVqRi2FVlTVw,244960,4
0.851,0.541,0,-6.825,1,0.0505,0.568,0.0,0.13,0.448,124.959,audio_features,7fa9MBXhVfQ8P8Df9OEbD8,spotify:track:7fa9MBXhVfQ8P8Df9OEbD8,https://api.spotify.com/v1/tracks/7fa9MBXhVfQ8P8Df9OEbD8,https://api.spotify.com/v1/audio-analysis/7fa9MBXhVfQ8P8Df9OEbD8,235545,4
0.704,0.859,5,-4.877,0,0.0996,0.0185,0.0,0.0215,0.926,105.115,audio_features,3Vo4wInECJQuz9BIBMOu8i,spotify:track:3Vo4wInECJQuz9BIBMOu8i,https://api.spotify.com/v1/tracks/3Vo4wInECJQuz9BIBMOu8i,https://api.spotify.com/v1/audio-analysis/3Vo4wInECJQuz9BIBMOu8i,217289,4
0.653,0.809,0,-4.057,1,0.0474,0.194,0.0,0.165,0.55,92.213,audio_features,5CLGzJsGqhCEECcpnFQA8x,spotify:track:5CLGzJsGqhCEECcpnFQA8x,https://api.spotify.com/v1/tracks/5CLGzJsGqhCEECcpnFQA8x,https://api.spotify.com/v1/audio-analysis/5CLGzJsGqhCEECcpnFQA8x,210773,4
0.877,0.658,11,-6.055,0,0.132,0.163,0.0,0.108,0.693,123.999,audio_features,1rFMYAZxBoAKSzXI54brMu,spotify:track:1rFMYAZxBoAKSzXI54brMu,https://api.spotify.com/v1/tracks/1rFMYAZxBoAKSzXI54brMu,https://api.spotify.com/v1/audio-analysis/1rFMYAZxBoAKSzXI54brMu,213947,4
0.672,0.655,10,-5.021,0,0.0311,0.0362,0.0,0.117,0.556,134.945,audio_features,6Qn5zhYkTa37e91HC1D7lb,spotify:track:6Qn5zhYkTa37e91HC1D7lb,https://api.spotify.com/v1/tracks/6Qn5zhYkTa37e91HC1D7lb,https://api.spotify.com/v1/audio-analysis/6Qn5zhYkTa37e91HC1D7lb,201240,4
0.8,0.535,7,-6.684,1,0.135,0.0713,9.48e-06,0.213,0.451,92.027,audio_features,1ZY1PqizIl78geGM4xWlEA,spotify:track:1ZY1PqizIl78geGM4xWlEA,https://api.spotify.com/v1/tracks/1ZY1PqizIl78geGM4xWlEA,https://api.spotify.com/v1/audio-analysis/1ZY1PqizIl78geGM4xWlEA,209680,4
0.845,0.561,1,-5.253,0,0.0778,0.211,3.49e-06,0.0383,0.811,109.974,audio_features,6wmAHw1szh5RCKSRjiXhPe,spotify:track:6wmAHw1szh5RCKSRjiXhPe,https://api.spotify.com/v1/tracks/6wmAHw1szh5RCKSRjiXhPe,https://api.spotify.com/v1/audio-analysis/6wmAHw1szh5RCKSRjiXhPe,200853,4
0.489,0.588,1,-6.177,1,0.0507,0.0285,2.11e-06,0.0906,0.187,113.617,audio_features,0Qh38w01QRXK6KHIv0e3hb,spotify:track:0Qh38w01QRXK6KHIv0e3hb,https://api.spotify.com/v1/tracks/0Qh38w01QRXK6KHIv0e3hb,https://api.spotify.com/v1/audio-analysis/0Qh38w01QRXK6KHIv0e3hb,269600,4
0.753,0.657,7,-3.061,1,0.0449,0.171,0.0,0.112,0.437,107.01,audio_features,09IStsImFySgyp0pIQdqAc,spotify:track:09IStsImFySgyp0pIQdqAc,https://api.spotify.com/v1/tracks/09IStsImFySgyp0pIQdqAc,https://api.spotify.com/v1/audio-analysis/09IStsImFySgyp0pIQdqAc,184732,4
0.628,0.797,11,-3.953,0,0.0596,0.0364,0.0,0.104,0.321,106.93,audio_features,7EI6Iki24tBHAMxtb4xQN2,spotify:track:7EI6Iki24tBHAMxtb4xQN2,https://api.spotify.com/v1/tracks/7EI6Iki24tBHAMxtb4xQN2,https://api.spotify.com/v1/audio-analysis/7EI6Iki24tBHAMxtb4xQN2,215064,4
0.617,0.635,11,-6.769,0,0.0317,0.0498,1.44e-05,0.164,0.446,103.019,audio_features,6RUKPb4LETWmmr3iAEQktW,spotify:track:6RUKPb4LETWmmr3iAEQktW,https://api.spotify.com/v1/tracks/6RUKPb4LETWmmr3iAEQktW,https://api.spotify.com/v1/audio-analysis/6RUKPb4LETWmmr3iAEQktW,247160,4
0.642,0.772,10,-6.61,1,0.0848,0.0476,0.0,0.0646,0.589,153.995,audio_features,4e4fqjx0Izh4svvTef1z7e,spotify:track:4e4fqjx0Izh4svvTef1z7e,https://api.spotify.com/v1/tracks/4e4fqjx0Izh4svvTef1z7e,https://api.spotify.com/v1/audio-analysis/4e4fqjx0Izh4svvTef1z7e,164205,4
0.855,0.624,1,-4.093,1,0.0488,0.158,0.0,0.0513,0.962,117.959,audio_features,4c2W3VKsOFoIg2SFaO6DY5,spotify:track:4c2W3VKsOFoIg2SFaO6DY5,https://api.spotify.com/v1/tracks/4c2W3VKsOFoIg2SFaO6DY5,https://api.spotify.com/v1/audio-analysis/4c2W3VKsOFoIg2SFaO6DY5,180757,4
0.801,0.795,1,-5.115,0,0.0504,0.0417,0.000113,0.0717,0.754,79.028,audio_features,6QgjcU0zLnzq5OrUoSZ3OK,spotify:track:6QgjcU0zLnzq5OrUoSZ3OK,https://api.spotify.com/v1/tracks/6QgjcU0zLnzq5OrUoSZ3OK,https://api.spotify.com/v1/audio-analysis/6QgjcU0zLnzq5OrUoSZ3OK,163253,4
0.735,0.425,0,-6.648,1,0.0466,0.011,0.0,0.055,0.848,85.894,audio_features,2cOUlop2ZakjOKe4WinesN,spotify:track:2cOUlop2ZakjOKe4WinesN,https://api.spotify.com/v1/tracks/2cOUlop2ZakjOKe4WinesN,https://api.spotify.com/v1/audio-analysis/2cOUlop2ZakjOKe4WinesN,188174,4
0.624,0.876,9,-3.374,1,0.1,0.0735,0.0,0.327,0.781,99.943,audio_features,0afhq8XCExXpqazXczTSve,spotify:track:0afhq8XCExXpqazXczTSve,https://api.spotify.com/v1/tracks/0afhq8XCExXpqazXczTSve,https://api.spotify.com/v1/audio-analysis/0afhq8XCExXpqazXczTSve,170827,4
0.646,0.741,5,-4.973,0,0.034,0.0275,0.0,0.312,0.571,123.077,audio_features,6h5PAsRni4IRlxWr6uDPTP,spotify:track:6h5PAsRni4IRlxWr6uDPTP,https://api.spotify.com/v1/tracks/6h5PAsRni4IRlxWr6uDPTP,https://api.spotify.com/v1/audio-analysis/6h5PAsRni4IRlxWr6uDPTP,203000,4
0.622,0.712,5,-7.321,1,0.066,0.0573,0.0,0.13,0.487,140.025,audio_features,2QZ7WLBE8h2y1Y5Fb8RYbH,spotify:track:2QZ7WLBE8h2y1Y5Fb8RYbH,https://api.spotify.com/v1/tracks/2QZ7WLBE8h2y1Y5Fb8RYbH,https://api.spotify.com/v1/audio-analysis/2QZ7WLBE8h2y1Y5Fb8RYbH,211360,4
0.756,0.572,9,-7.019,1,0.0763,0.0478,0.0,0.0853,0.417,102.986,audio_features,10GJQkjRJcZhGTLagFOC62,spotify:track:10GJQkjRJcZhGTLagFOC62,https://api.spotify.com/v1/tracks/10GJQkjRJcZhGTLagFOC62,https://api.spotify.com/v1/audio-analysis/10GJQkjRJcZhGTLagFOC62,204400,4
0.697,0.683,1,-2.881,0,0.117,0.0372,0.0,0.137,0.603,96.133,audio_features,2BgEsaKNfHUdlh97KmvFyo,spotify:track:2BgEsaKNfHUdlh97KmvFyo,https://api.spotify.com/v1/tracks/2BgEsaKNfHUdlh97KmvFyo,https://api.spotify.com/v1/audio-analysis/2BgEsaKNfHUdlh97KmvFyo,186987,4
0.753,0.498,2,-5.61,1,0.0504,0.551,0.0,0.0706,0.927,89.95,audio_features,1A6OTy97kk0mMdm78rHsm8,spotify:track:1A6OTy97kk0mMdm78rHsm8,https://api.spotify.com/v1/tracks/1A6OTy97kk0mMdm78rHsm8,https://api.spotify.com/v1/audio-analysis/1A6OTy97kk0mMdm78rHsm8,158053,4
0.45,0.335,7,-7.464,1,0.0298,0.785,1.25e-06,0.0979,0.25,109.908,audio_features,3DKpA54hrFIdPN6AtL9HXa,spotify:track:3DKpA54hrFIdPN6AtL9HXa,https://api.spotify.com/v1/tracks/3DKpA54hrFIdPN6AtL9HXa,https://api.spotify.com/v1/audio-analysis/3DKpA54hrFIdPN6AtL9HXa,281235,4
0.81,0.538,0,-5.784,0,0.0356,0.528,0.0,0.0951,0.828,109.97,audio_features,6CFPFnS9EcLs2I0nWqtWci,spotify:track:6CFPFnS9EcLs2I0nWqtWci,https://api.spotify.com/v1/tracks/6CFPFnS9EcLs2I0nWqtWci,https://api.spotify.com/v1/audio-analysis/6CFPFnS9EcLs2I0nWqtWci,266840,4
0.664,0.642,6,-5.961,1,0.038,0.129,0.0,0.114,0.501,118.002,audio_features,5L79aNYCTKiZq7vaOElXYj,spotify:track:5L79aNYCTKiZq7vaOElXYj,https://api.spotify.com/v1/tracks/5L79aNYCTKiZq7vaOElXYj,https://api.spotify.com/v1/audio-analysis/5L79aNYCTKiZq7vaOElXYj,209693,4
0.69,0.845,9,-4.676,1,0.0339,0.0193,0.0,0.101,0.638,114.948,audio_features,4YnnTX2B7bVymXfmcRd2A7,spotify:track:4YnnTX2B7bVymXfmcRd2A7,https://api.spotify.com/v1/tracks/4YnnTX2B7bVymXfmcRd2A7,https://api.spotify.com/v1/audio-analysis/4YnnTX2B7bVymXfmcRd2A7,224293,4
0.678,0.729,8,-4.188,1,0.137,0.0658,0.0,0.303,0.643,99.895,audio_features,7jr3iPu4O4bTCVwLMbdU2i,spotify:track:7jr3iPu4O4bTCVwLMbdU2i,https://api.spotify.com/v1/tracks/7jr3iPu4O4bTCVwLMbdU2i,https://api.spotify.com/v1/audio-analysis/7jr3iPu4O4bTCVwLMbdU2i,189173,4
0.597,0.751,6,-4.982,0,0.193,0.0104,0.0,0.0912,0.568,103.956,audio_features,43wzy7JxMEfvCh8ZFeZKYk,spotify:track:43wzy7JxMEfvCh8ZFeZKYk,https://api.spotify.com/v1/tracks/43wzy7JxMEfvCh8ZFeZKYk,https://api.spotify.com/v1/audio-analysis/43wzy7JxMEfvCh8ZFeZKYk,201680,4
0.687,0.792,5,-2.749,1,0.0452,0.191,0.0,0.167,0.671,100.015,audio_features,2dpaYNEQHiRxtZbfNsse99,spotify:track:2dpaYNEQHiRxtZbfNsse99,https://api.spotify.com/v1/tracks/2dpaYNEQHiRxtZbfNsse99,https://api.spotify.com/v1/audio-analysis/2dpaYNEQHiRxtZbfNsse99,214290,4
0.669,0.937,8,-4.054,0,0.0714,0.028,1.79e-05,0.318,0.223,75.013,audio_features,7EYv3adMrIC5mqurz7fHhD,spotify:track:7EYv3adMrIC5mqurz7fHhD,https://api.spotify.com/v1/tracks/7EYv3adMrIC5mqurz7fHhD,https://api.spotify.com/v1/audio-analysis/7EYv3adMrIC5mqurz7fHhD,179225,4
0.537,0.786,8,-4.331,1,0.0317,0.0719,0.0,0.253,0.18,128.0,audio_features,3SipFlNddvL0XNZRLXvdZD,spotify:track:3SipFlNddvL0XNZRLXvdZD,https://api.spotify.com/v1/tracks/3SipFlNddvL0XNZRLXvdZD,https://api.spotify.com/v1/audio-analysis/3SipFlNddvL0XNZRLXvdZD,208140,3
0.284,0.704,2,-7.276,1,0.186,0.00583,0.000115,0.0424,0.1,191.702,audio_features,45aBsnKRWUzhwbcqOJLwfe,spotify:track:45aBsnKRWUzhwbcqOJLwfe,https://api.spotify.com/v1/tracks/45aBsnKRWUzhwbcqOJLwfe,https://api.spotify.com/v1/audio-analysis/45aBsnKRWUzhwbcqOJLwfe,234707,4
0.684,0.619,10,-7.005,1,0.0386,0.0716,0.0,0.122,0.284,125.046,audio_features,65fpYBrI8o2cfrwf2US4gq,spotify:track:65fpYBrI8o2cfrwf2US4gq,https://api.spotify.com/v1/tracks/65fpYBrI8o2cfrwf2US4gq,https://api.spotify.com/v1/audio-analysis/65fpYBrI8o2cfrwf2US4gq,217440,4
0.596,0.854,7,-5.114,0,0.463,0.0169,0.0,0.124,0.152,120.274,audio_features,2iUXsYOEPhVqEBwsqP70rE,spotify:track:2iUXsYOEPhVqEBwsqP70rE,https://api.spotify.com/v1/tracks/2iUXsYOEPhVqEBwsqP70rE,https://api.spotify.com/v1/audio-analysis/2iUXsYOEPhVqEBwsqP70rE,203418,4
0.731,0.794,0,-5.126,0,0.0522,0.0323,2.59e-05,0.112,0.356,139.994,audio_features,0CokSRCu5hZgPxcZBaEzVE,spotify:track:0CokSRCu5hZgPxcZBaEzVE,https://api.spotify.com/v1/tracks/0CokSRCu5hZgPxcZBaEzVE,https://api.spotify.com/v1/audio-analysis/0CokSRCu5hZgPxcZBaEzVE,220454,4
0.751,0.736,5,-4.168,0,0.156,0.0206,0.0,0.265,0.352,130.014,audio_features,4650WGL6InVqP7YN5POqIz,spotify:track:4650WGL6InVqP7YN5POqIz,https://api.spotify.com/v1/tracks/4650WGL6InVqP7YN5POqIz,https://api.spotify.com/v1/audio-analysis/4650WGL6InVqP7YN5POqIz,262147,4
0.435,0.837,3,-8.126,1,0.449,0.00676,0.0,0.117,0.778,124.913,audio_features,5AyL2kgLtTWEu3qO3B9SqK,spotify:track:5AyL2kgLtTWEu3qO3B9SqK,https://api.spotify.com/v1/tracks/5AyL2kgLtTWEu3qO3B9SqK,https://api.spotify.com/v1/audio-analysis/5AyL2kgLtTWEu3qO3B9SqK,216893,4
0.664,0.845,4,-6.115,0,0.0461,0.181,0.0,0.267,0.357,96.005,audio_features,3ZuiIFm9nRnkRz8AZAekjJ,spotify:track:3ZuiIFm9nRnkRz8AZAekjJ,https://api.spotify.com/v1/tracks/3ZuiIFm9nRnkRz8AZAekjJ,https://api.spotify.com/v1/audio-analysis/3ZuiIFm9nRnkRz8AZAekjJ,211253,4
0.745,0.356,1,-10.425,1,0.0941,0.172,0.00943,0.123,0.607,160.033,audio_features,3kxfsdsCpFgN412fpnW85Y,spotify:track:3kxfsdsCpFgN412fpnW85Y,https://api.spotify.com/v1/tracks/3kxfsdsCpFgN412fpnW85Y,https://api.spotify.com/v1/audio-analysis/3kxfsdsCpFgN412fpnW85Y,326933,4
0.646,0.795,9,-3.293,1,0.0976,0.0319,0.0,0.267,0.796,89.99,audio_features,0qOnSQQF0yzuPWsXrQ9paz,spotify:track:0qOnSQQF0yzuPWsXrQ9paz,https://api.spotify.com/v1/tracks/0qOnSQQF0yzuPWsXrQ9paz,https://api.spotify.com/v1/audio-analysis/0qOnSQQF0yzuPWsXrQ9paz,210960,4
0.743,0.841,0,-5.189,1,0.0391,0.0156,0.0,0.133,0.814,100.003,audio_features,5hGSM1NIumwLgI0Y97X9xB,spotify:track:5hGSM1NIumwLgI0Y97X9xB,https://api.spotify.com/v1/tracks/5hGSM1NIumwLgI0Y97X9xB,https://api.spotify.com/v1/audio-analysis/5hGSM1NIumwLgI0Y97X9xB,226800,4
0.768,0.82,7,-4.63,0,0.0475,0.179,0.0,0.704,0.625,129.969,audio_features,2V4bv1fNWfTcyRJKmej6Sj,spotify:track:2V4bv1fNWfTcyRJKmej6Sj,https://api.spotify.com/v1/tracks/2V4bv1fNWfTcyRJKmej6Sj,https://api.spotify.com/v1/audio-analysis/2V4bv1fNWfTcyRJKmej6Sj,213293,4
0.775,0.68,0,-5.508,0,0.0629,0.00906,0.0,0.109,0.656,114.025,audio_features,7oGZAicScQt96OAW4AruYy,spotify:track:7oGZAicScQt96OAW4AruYy,https://api.spotify.com/v1/tracks/7oGZAicScQt96OAW4AruYy,https://api.spotify.com/v1/audio-analysis/7oGZAicScQt96OAW4AruYy,207719,4
0.56,0.68,6,-7.648,0,0.321,0.555,0.0,0.116,0.319,89.391,audio_features,0d2iYfpKoM0QCKvcLCkBao,spotify:track:0d2iYfpKoM0QCKvcLCkBao,https://api.spotify.com/v1/tracks/0d2iYfpKoM0QCKvcLCkBao,https://api.spotify.com/v1/audio-analysis/0d2iYfpKoM0QCKvcLCkBao,173800,4
0.538,0.409,9,-6.581,0,0.0505,0.172,0.0,0.11,0.265,171.838,audio_features,3id2EVGKc3eFAMn9nFnB0r,spotify:track:3id2EVGKc3eFAMn9nFnB0r,https://api.spotify.com/v1/tracks/3id2EVGKc3eFAMn9nFnB0r,https://api.spotify.com/v1/audio-analysis/3id2EVGKc3eFAMn9nFnB0r,205440,4
0.755,0.769,10,-5.658,0,0.186,0.314,2.38e-06,0.0628,0.642,114.966,audio_features,6qNALlmZa1ESnCxJmXE1K9,spotify:track:6qNALlmZa1ESnCxJmXE1K9,https://api.spotify.com/v1/tracks/6qNALlmZa1ESnCxJmXE1K9,https://api.spotify.com/v1/audio-analysis/6qNALlmZa1ESnCxJmXE1K9,186080,4
0.552,0.76,0,-4.706,1,0.342,0.0733,0.0,0.0865,0.639,135.702,audio_features,5WvAo7DNuPRmk4APhdPzi8,spotify:track:5WvAo7DNuPRmk4APhdPzi8,https://api.spotify.com/v1/tracks/5WvAo7DNuPRmk4APhdPzi8,https://api.spotify.com/v1/audio-analysis/5WvAo7DNuPRmk4APhdPzi8,260000,5
0.748,0.788,1,-7.055,1,0.0334,0.0591,0.0,0.0863,0.884,120.076,audio_features,494OU6M7NOf4ICYb4zWCf5,spotify:track:494OU6M7NOf4ICYb4zWCf5,https://api.spotify.com/v1/tracks/494OU6M7NOf4ICYb4zWCf5,https://api.spotify.com/v1/audio-analysis/494OU6M7NOf4ICYb4zWCf5,235493,4
0.742,0.713,1,-5.522,0,0.0303,0.0205,0.0,0.059,0.879,120.032,audio_features,5rwdhliMmo0aAQ08vU0AOZ,spotify:track:5rwdhliMmo0aAQ08vU0AOZ,https://api.spotify.com/v1/tracks/5rwdhliMmo0aAQ08vU0AOZ,https://api.spotify.com/v1/audio-analysis/5rwdhliMmo0aAQ08vU0AOZ,189960,4
0.611,0.462,0,-7.054,1,0.0646,0.558,1.01e-06,0.131,0.377,59.635,audio_features,7npLlaPu9Mfno8hjk5OagD,spotify:track:7npLlaPu9Mfno8hjk5OagD,https://api.spotify.com/v1/tracks/7npLlaPu9Mfno8hjk5OagD,https://api.spotify.com/v1/audio-analysis/7npLlaPu9Mfno8hjk5OagD,215230,4
0.655,0.603,8,-5.014,1,0.0555,0.0959,0.0,0.107,0.452,126.088,audio_features,3T9CfDxFYqZWSKxd0BhZrb,spotify:track:3T9CfDxFYqZWSKxd0BhZrb,https://api.spotify.com/v1/tracks/3T9CfDxFYqZWSKxd0BhZrb,https://api.spotify.com/v1/audio-analysis/3T9CfDxFYqZWSKxd0BhZrb,190643,4
0.704,0.81,4,-4.873,0,0.0425,0.000307,0.0,0.216,0.712,102.98,audio_features,2kjj2GbefdL93ynVCAB95B,spotify:track:2kjj2GbefdL93ynVCAB95B,https://api.spotify.com/v1/tracks/2kjj2GbefdL93ynVCAB95B,https://api.spotify.com/v1/audio-analysis/2kjj2GbefdL93ynVCAB95B,216200,4
0.743,0.752,4,-4.813,1,0.0414,0.0188,0.0,0.287,0.545,110.015,audio_features,1XGmzt0PVuFgQYYnV2It7A,spotify:track:1XGmzt0PVuFgQYYnV2It7A,https://api.spotify.com/v1/tracks/1XGmzt0PVuFgQYYnV2It7A,https://api.spotify.com/v1/audio-analysis/1XGmzt0PVuFgQYYnV2It7A,231173,4
0.716,0.821,5,-3.435,0,0.0314,0.0558,0.0,0.0844,0.618,92.997,audio_features,6cpk00i5TxCqSeqNi2HuIe,spotify:track:6cpk00i5TxCqSeqNi2HuIe,https://api.spotify.com/v1/tracks/6cpk00i5TxCqSeqNi2HuIe,https://api.spotify.com/v1/audio-analysis/6cpk00i5TxCqSeqNi2HuIe,219547,4
0.705,0.64,11,-6.928,0,0.225,0.0237,0.0,0.262,0.887,144.077,audio_features,7gvd8xj4QgPqbQSsn5pV7d,spotify:track:7gvd8xj4QgPqbQSsn5pV7d,https://api.spotify.com/v1/tracks/7gvd8xj4QgPqbQSsn5pV7d,https://api.spotify.com/v1/audio-analysis/7gvd8xj4QgPqbQSsn5pV7d,203760,4
0.499,0.786,8,-4.802,1,0.099,0.0744,0.0,0.229,0.499,174.012,audio_features,0B84P27yShVnMsodp7OmkY,spotify:track:0B84P27yShVnMsodp7OmkY,https://api.spotify.com/v1/tracks/0B84P27yShVnMsodp7OmkY,https://api.spotify.com/v1/audio-analysis/0B84P27yShVnMsodp7OmkY,210840,4
0.628,0.698,6,-5.608,0,0.105,0.0472,0.00143,0.0907,0.732,89.976,audio_features,27SdWb2rFzO6GWiYDBTD9j,spotify:track:27SdWb2rFzO6GWiYDBTD9j,https://api.spotify.com/v1/tracks/27SdWb2rFzO6GWiYDBTD9j,https://api.spotify.com/v1/audio-analysis/27SdWb2rFzO6GWiYDBTD9j,211667,4
0.747,0.716,11,-2.457,0,0.075,0.135,0.0,0.251,0.751,125.008,audio_features,2EBCVPNAG46nbgs6jXPGvv,spotify:track:2EBCVPNAG46nbgs6jXPGvv,https://api.spotify.com/v1/tracks/2EBCVPNAG46nbgs6jXPGvv,https://api.spotify.com/v1/audio-analysis/2EBCVPNAG46nbgs6jXPGvv,210627,4
0.723,0.862,11,-4.357,1,0.201,0.264,4.46e-06,0.599,0.679,126.989,audio_features,3t3bnn2VzxXYqleFpsH6Cb,spotify:track:3t3bnn2VzxXYqleFpsH6Cb,https://api.spotify.com/v1/tracks/3t3bnn2VzxXYqleFpsH6Cb,https://api.spotify.com/v1/audio-analysis/3t3bnn2VzxXYqleFpsH6Cb,200013,4
0.65,0.736,6,-5.84,0,0.229,0.0513,0.0,0.235,0.612,159.174,audio_features,1pKeFVVUOPjFsOABub0OaV,spotify:track:1pKeFVVUOPjFsOABub0OaV,https://api.spotify.com/v1/tracks/1pKeFVVUOPjFsOABub0OaV,https://api.spotify.com/v1/audio-analysis/1pKeFVVUOPjFsOABub0OaV,226160,4
0.703,0.747,0,-4.446,0,0.0895,0.283,0.0,0.396,0.7,149.974,audio_features,466s1BacUmiRdR3ISvNjyx,spotify:track:466s1BacUmiRdR3ISvNjyx,https://api.spotify.com/v1/tracks/466s1BacUmiRdR3ISvNjyx,https://api.spotify.com/v1/audio-analysis/466s1BacUmiRdR3ISvNjyx,199320,4
0.553,0.586,11,-6.319,1,0.0362,0.697,0.0,0.0813,0.443,126.684,audio_features,3EPXxR3ImUwfayaurPi3cm,spotify:track:3EPXxR3ImUwfayaurPi3cm,https://api.spotify.com/v1/tracks/3EPXxR3ImUwfayaurPi3cm,https://api.spotify.com/v1/audio-analysis/3EPXxR3ImUwfayaurPi3cm,196373,4
0.534,0.596,6,-6.653,0,0.117,0.56,0.0,0.133,0.324,100.121,audio_features,1h0yImRPIVAjhhHeNVlTuC,spotify:track:1h0yImRPIVAjhhHeNVlTuC,https://api.spotify.com/v1/tracks/1h0yImRPIVAjhhHeNVlTuC,https://api.spotify.com/v1/audio-analysis/1h0yImRPIVAjhhHeNVlTuC,190867,4
0.64,0.533,0,-6.596,1,0.0706,0.119,0.0,0.0864,0.515,99.968,audio_features,3eR23VReFzcdmS7TYCrhCe,spotify:track:3eR23VReFzcdmS7TYCrhCe,https://api.spotify.com/v1/tracks/3eR23VReFzcdmS7TYCrhCe,https://api.spotify.com/v1/audio-analysis/3eR23VReFzcdmS7TYCrhCe,220781,4
0.677,0.497,5,-5.763,1,0.0809,0.152,0.0,0.0911,0.419,99.137,audio_features,0Zbbxnx4SGGHoIow4PpISP,spotify:track:0Zbbxnx4SGGHoIow4PpISP,https://api.spotify.com/v1/tracks/0Zbbxnx4SGGHoIow4PpISP,https://api.spotify.com/v1/audio-analysis/0Zbbxnx4SGGHoIow4PpISP,236853,4
0.684,0.64,11,-7.344,0,0.0453,0.404,2.77e-05,0.0989,0.425,113.917,audio_features,365NFpqKShIPDEC6fxnUNp,spotify:track:365NFpqKShIPDEC6fxnUNp,https://api.spotify.com/v1/tracks/365NFpqKShIPDEC6fxnUNp,https://api.spotify.com/v1/audio-analysis/365NFpqKShIPDEC6fxnUNp,270787,4
0.413,0.856,0,-4.078,0,0.0808,0.0289,0.00571,0.343,0.35,128.017,audio_features,07nH4ifBxUB4lZcsf44Brn,spotify:track:07nH4ifBxUB4lZcsf44Brn,https://api.spotify.com/v1/tracks/07nH4ifBxUB4lZcsf44Brn,https://api.spotify.com/v1/audio-analysis/07nH4ifBxUB4lZcsf44Brn,212960,4
0.63,0.928,9,-2.787,0,0.0331,0.199,0.124,0.148,0.465,123.963,audio_features,0azC730Exh71aQlOt9Zj3y,spotify:track:0azC730Exh71aQlOt9Zj3y,https://api.spotify.com/v1/tracks/0azC730Exh71aQlOt9Zj3y,https://api.spotify.com/v1/audio-analysis/0azC730Exh71aQlOt9Zj3y,222160,4
0.646,0.823,2,-4.123,0,0.0394,0.213,0.0,0.322,0.418,128.035,audio_features,7MmG8p0F9N3C4AXdK6o6Eb,spotify:track:7MmG8p0F9N3C4AXdK6o6Eb,https://api.spotify.com/v1/tracks/7MmG8p0F9N3C4AXdK6o6Eb,https://api.spotify.com/v1/audio-analysis/7MmG8p0F9N3C4AXdK6o6Eb,227267,4
0.738,0.868,11,-4.373,0,0.0731,0.0389,0.00171,0.388,0.336,122.003,audio_features,22mek4IiqubGD9ctzxc69s,spotify:track:22mek4IiqubGD9ctzxc69s,https://api.spotify.com/v1/tracks/22mek4IiqubGD9ctzxc69s,https://api.spotify.com/v1/audio-analysis/22mek4IiqubGD9ctzxc69s,212640,4
0.581,0.93,4,-3.904,1,0.104,0.185,5.16e-05,0.0459,0.566,127.979,audio_features,6GuwQACz8ZNl5egtgtuJ2D,spotify:track:6GuwQACz8ZNl5egtgtuJ2D,https://api.spotify.com/v1/tracks/6GuwQACz8ZNl5egtgtuJ2D,https://api.spotify.com/v1/audio-analysis/6GuwQACz8ZNl5egtgtuJ2D,213973,4
0.695,0.859,8,-5.124,1,0.0511,0.373,0.0,0.134,0.565,124.97,audio_features,1hIgZK47IeaZlb2EfYqbr3,spotify:track:1hIgZK47IeaZlb2EfYqbr3,https://api.spotify.com/v1/tracks/1hIgZK47IeaZlb2EfYqbr3,https://api.spotify.com/v1/audio-analysis/1hIgZK47IeaZlb2EfYqbr3,234453,4
