danceability,energy,key,loudness,mode,speechiness,acousticness,instrumentalness,liveness,valence,tempo,type,id,uri,track_href,analysis_url,duration_ms,time_signature,name,isLiked
0.794,0.7929999999999999,11,-4.521,0,0.0842,0.0125,0.0,0.0952,0.677,123.941,audio_features,6WrI0LAC5M1Rw2MnX2ZvEg,spotify:track:6WrI0LAC5M1Rw2MnX2ZvEg,https://api.spotify.com/v1/tracks/6WrI0LAC5M1Rw2MnX2ZvEg,https://api.spotify.com/v1/audio-analysis/6WrI0LAC5M1Rw2MnX2ZvEg,183290,4,Don't Start Now,1
0.852,0.698,9,-7.206,1,0.0629,0.00839,1.03e-06,0.0773,0.324,113.039,audio_features,4wNIkl5XGiAACjFBlDWuSd,spotify:track:4wNIkl5XGiAACjFBlDWuSd,https://api.spotify.com/v1/tracks/4wNIkl5XGiAACjFBlDWuSd,https://api.spotify.com/v1/audio-analysis/4wNIkl5XGiAACjFBlDWuSd,180645,4,What A Man Gotta Do,1
0.8079999999999999,0.745,10,-5.26,0,0.342,0.145,0.0,0.292,0.8290000000000001,165.995,audio_features,7FIWs0pqAYbP91WWM0vlTQ,spotify:track:7FIWs0pqAYbP91WWM0vlTQ,https://api.spotify.com/v1/tracks/7FIWs0pqAYbP91WWM0vlTQ,https://api.spotify.com/v1/audio-analysis/7FIWs0pqAYbP91WWM0vlTQ,210800,4,Godzilla (feat. Juice WRLD),1
0.8240000000000001,0.5920000000000001,6,-6.4,0,0.0969,0.693,0.00015800000000000002,0.17800000000000002,0.54,98.074,audio_features,421leiR6jKlH5KDdwLYrOs,spotify:track:421leiR6jKlH5KDdwLYrOs,https://api.spotify.com/v1/tracks/421leiR6jKlH5KDdwLYrOs,https://api.spotify.com/v1/audio-analysis/421leiR6jKlH5KDdwLYrOs,209755,4,Dance Monkey,1
0.647,0.843,0,-3.7560000000000002,1,0.0457,0.0137,0.000628,0.102,0.7609999999999999,146.961,audio_features,44fXOB2eBG8uaQJGwh26Bk,spotify:track:44fXOB2eBG8uaQJGwh26Bk,https://api.spotify.com/v1/tracks/44fXOB2eBG8uaQJGwh26Bk,https://api.spotify.com/v1/audio-analysis/44fXOB2eBG8uaQJGwh26Bk,193829,4,Physical,1
0.45899999999999996,0.575,3,-4.8580000000000005,1,0.0573,0.604,0.0,0.0885,0.183,111.881,audio_features,7ce20yLkzuXXLUhzIDoZih,spotify:track:7ce20yLkzuXXLUhzIDoZih,https://api.spotify.com/v1/tracks/7ce20yLkzuXXLUhzIDoZih,https://api.spotify.com/v1/audio-analysis/7ce20yLkzuXXLUhzIDoZih,215107,4,Before You Go,1
0.7040000000000001,0.758,0,-3.537,1,0.0402,0.233,0.00144,0.0924,0.534,120.00299999999999,audio_features,4VginDwYTP2eaHJzO0QMjG,spotify:track:4VginDwYTP2eaHJzO0QMjG,https://api.spotify.com/v1/tracks/4VginDwYTP2eaHJzO0QMjG,https://api.spotify.com/v1/audio-analysis/4VginDwYTP2eaHJzO0QMjG,214907,4,Circles,1
0.672,0.46399999999999997,6,-5.624,0,0.037000000000000005,0.43,0.0,0.284,0.271,92.069,audio_features,0JQ5MbyriK6ruD3t6RZ7ix,spotify:track:0JQ5MbyriK6ruD3t6RZ7ix,https://api.spotify.com/v1/tracks/0JQ5MbyriK6ruD3t6RZ7ix,https://api.spotify.com/v1/audio-analysis/0JQ5MbyriK6ruD3t6RZ7ix,200742,4,Never Seen The Rain,1
0.557,0.387,11,-6.337999999999999,1,0.0374,0.8759999999999999,0.0,0.111,0.317,129.98,audio_features,18ssFhD04lWo1RzpcohnrG,spotify:track:18ssFhD04lWo1RzpcohnrG,https://api.spotify.com/v1/tracks/18ssFhD04lWo1RzpcohnrG,https://api.spotify.com/v1/audio-analysis/18ssFhD04lWo1RzpcohnrG,227813,4,Anyone,1
0.591,0.585,2,-6.35,1,0.0277,0.14300000000000002,0.0,0.109,0.324,110.94,audio_features,7lidXGPXPYLNThITAOTlkK,spotify:track:7lidXGPXPYLNThITAOTlkK,https://api.spotify.com/v1/tracks/7lidXGPXPYLNThITAOTlkK,https://api.spotify.com/v1/audio-analysis/7lidXGPXPYLNThITAOTlkK,205473,4,You should be sad,1
0.764,0.32,11,-7.209,1,0.0546,0.8370000000000001,0.0,0.0822,0.575,91.01899999999999,audio_features,2b8fOow8UzyDFAE27YhOZM,spotify:track:2b8fOow8UzyDFAE27YhOZM,https://api.spotify.com/v1/tracks/2b8fOow8UzyDFAE27YhOZM,https://api.spotify.com/v1/audio-analysis/2b8fOow8UzyDFAE27YhOZM,189486,4,Memories,1
0.721,0.716,10,-7.037000000000001,0,0.0657,0.0334,0.00084,0.237,0.667,104.994,audio_features,6cy3ki60hLwimwIje7tALf,spotify:track:6cy3ki60hLwimwIje7tALf,https://api.spotify.com/v1/tracks/6cy3ki60hLwimwIje7tALf,https://api.spotify.com/v1/audio-analysis/6cy3ki60hLwimwIje7tALf,221714,4,RITMO (Bad Boys For Life),1
0.816,0.63,2,-5.568,1,0.226,0.133,0.0,0.0692,0.715,96.493,audio_features,6LcauUZjF1eXQrgqMUecHX,spotify:track:6LcauUZjF1eXQrgqMUecHX,https://api.spotify.com/v1/tracks/6LcauUZjF1eXQrgqMUecHX,https://api.spotify.com/v1/audio-analysis/6LcauUZjF1eXQrgqMUecHX,131607,4,Ayy Macarena,1
0.7490000000000001,0.8370000000000001,7,-8.837,1,0.0512,0.162,0.0,0.525,0.927,103.48299999999999,audio_features,5KL4iZkCTZyXl7KnHgfVDj,spotify:track:5KL4iZkCTZyXl7KnHgfVDj,https://api.spotify.com/v1/tracks/5KL4iZkCTZyXl7KnHgfVDj,https://api.spotify.com/v1/audio-analysis/5KL4iZkCTZyXl7KnHgfVDj,220413,4,"You Need Me, I Don't Need You",1
0.6920000000000001,0.493,9,-9.662,0,0.0325,0.0934,0.0016600000000000002,0.128,0.28,86.64399999999999,audio_features,3cg0dJfrQB66Qf2YthPb6G,spotify:track:3cg0dJfrQB66Qf2YthPb6G,https://api.spotify.com/v1/tracks/3cg0dJfrQB66Qf2YthPb6G,https://api.spotify.com/v1/audio-analysis/3cg0dJfrQB66Qf2YthPb6G,301133,4,The Thrill Is Gone,1
0.5579999999999999,0.524,2,-11.626,0,0.0459,0.321,0.0009519999999999999,0.94,0.636,93.654,audio_features,3BEZCNZSmVv30vsMNSOCri,spotify:track:3BEZCNZSmVv30vsMNSOCri,https://api.spotify.com/v1/tracks/3BEZCNZSmVv30vsMNSOCri,https://api.spotify.com/v1/audio-analysis/3BEZCNZSmVv30vsMNSOCri,289027,4,"Layla - Acoustic; Live at MTV Unplugged, Bray Film Studios, Windsor, England, UK, 1/16/1992; 2013 Remaster",1
0.8240000000000001,0.588,6,-6.4,0,0.0924,0.6920000000000001,0.00010400000000000001,0.149,0.513,98.027,audio_features,5ZULALImTm80tzUbYQYM9d,spotify:track:5ZULALImTm80tzUbYQYM9d,https://api.spotify.com/v1/tracks/5ZULALImTm80tzUbYQYM9d,https://api.spotify.com/v1/audio-analysis/5ZULALImTm80tzUbYQYM9d,209438,4,Dance Monkey,1
0.8240000000000001,0.588,6,-6.4,0,0.0924,0.6920000000000001,0.00010400000000000001,0.149,0.513,98.027,audio_features,5ZULALImTm80tzUbYQYM9d,spotify:track:5ZULALImTm80tzUbYQYM9d,https://api.spotify.com/v1/tracks/5ZULALImTm80tzUbYQYM9d,https://api.spotify.com/v1/audio-analysis/5ZULALImTm80tzUbYQYM9d,209438,4,Dance Monkey,1
0.8959999999999999,0.586,10,-6.687,0,0.0559,0.10400000000000001,0.0,0.79,0.642,116.971,audio_features,0nbXyq5TXYPCO7pr3N8S4I,spotify:track:0nbXyq5TXYPCO7pr3N8S4I,https://api.spotify.com/v1/tracks/0nbXyq5TXYPCO7pr3N8S4I,https://api.spotify.com/v1/audio-analysis/0nbXyq5TXYPCO7pr3N8S4I,196653,4,The Box,0
0.6759999999999999,0.609,2,-5.831,0,0.48100000000000004,0.0706,0.0,0.152,0.508,142.037,audio_features,5yY9lUy8nbvjM1Uyo1Uqoc,spotify:track:5yY9lUy8nbvjM1Uyo1Uqoc,https://api.spotify.com/v1/tracks/5yY9lUy8nbvjM1Uyo1Uqoc,https://api.spotify.com/v1/audio-analysis/5yY9lUy8nbvjM1Uyo1Uqoc,237735,4,Life Is Good (feat. Drake),0
0.838,0.545,5,-6.712999999999999,1,0.0706,0.20800000000000002,8.01e-05,0.10300000000000001,0.631,114.99799999999999,audio_features,7HMmFQsKsljwTw8bS7lu19,spotify:track:7HMmFQsKsljwTw8bS7lu19,https://api.spotify.com/v1/tracks/7HMmFQsKsljwTw8bS7lu19,https://api.spotify.com/v1/audio-analysis/7HMmFQsKsljwTw8bS7lu19,220590,4,Rare,0
0.621,0.601,6,-5.6160000000000005,0,0.14800000000000002,0.0522,0.0,0.46,0.457,116.735,audio_features,696DnlkuDOXcMAnKlTgXXK,spotify:track:696DnlkuDOXcMAnKlTgXXK,https://api.spotify.com/v1/tracks/696DnlkuDOXcMAnKlTgXXK,https://api.spotify.com/v1/audio-analysis/696DnlkuDOXcMAnKlTgXXK,163636,5,ROXANNE,0
0.8240000000000001,0.503,6,-6.94,0,0.156,0.05,5.25e-05,0.107,0.784,109.397,audio_features,6zGPytJiZmFuyVq7RTNO9G,spotify:track:6zGPytJiZmFuyVq7RTNO9G,https://api.spotify.com/v1/tracks/6zGPytJiZmFuyVq7RTNO9G,https://api.spotify.com/v1/audio-analysis/6zGPytJiZmFuyVq7RTNO9G,185419,5,Get Me,0
0.701,0.396,4,-10.182,0,0.11900000000000001,0.11199999999999999,0.0209,0.223,0.115,129.004,audio_features,1ToprX3cpBiXoAe5eNSk74,spotify:track:1ToprX3cpBiXoAe5eNSk74,https://api.spotify.com/v1/tracks/1ToprX3cpBiXoAe5eNSk74,https://api.spotify.com/v1/audio-analysis/1ToprX3cpBiXoAe5eNSk74,206361,4,Eleven,0
0.605,0.365,7,-11.144,1,0.111,0.63,6.83e-06,0.0554,0.22399999999999998,84.62799999999999,audio_features,3cqPu20DGTGUoZtbJH2Dmi,spotify:track:3cqPu20DGTGUoZtbJH2Dmi,https://api.spotify.com/v1/tracks/3cqPu20DGTGUoZtbJH2Dmi,https://api.spotify.com/v1/audio-analysis/3cqPu20DGTGUoZtbJH2Dmi,193668,4,What If I Told You That I Love You,0
0.794,0.32,1,-12.92,0,0.17300000000000001,0.853,0.134,0.11199999999999999,0.24100000000000002,174.088,audio_features,3ClBKQkKoaUQ6UOhe2xlJK,spotify:track:3ClBKQkKoaUQ6UOhe2xlJK,https://api.spotify.com/v1/tracks/3ClBKQkKoaUQ6UOhe2xlJK,https://api.spotify.com/v1/audio-analysis/3ClBKQkKoaUQ6UOhe2xlJK,342040,4,Good News,0
0.45299999999999996,0.5379999999999999,1,-8.212,1,0.0638,0.449,0.0,0.19,0.516,122.973,audio_features,6U0FIYXCQ3TGrk4tFpLrEA,spotify:track:6U0FIYXCQ3TGrk4tFpLrEA,https://api.spotify.com/v1/tracks/6U0FIYXCQ3TGrk4tFpLrEA,https://api.spotify.com/v1/audio-analysis/6U0FIYXCQ3TGrk4tFpLrEA,204533,4,SUGAR,0
0.46399999999999997,0.473,1,-10.086,1,0.129,0.866,0.0,0.109,0.604,75.801,audio_features,2kJwzbxV2ppxnQoYw4GLBZ,spotify:track:2kJwzbxV2ppxnQoYw4GLBZ,https://api.spotify.com/v1/tracks/2kJwzbxV2ppxnQoYw4GLBZ,https://api.spotify.com/v1/audio-analysis/2kJwzbxV2ppxnQoYw4GLBZ,208687,4,If The World Was Ending (feat. Julia Michaels),0
0.8029999999999999,0.715,2,-3.28,1,0.298,0.295,0.000134,0.0574,0.574,101.085,audio_features,7k4t7uLgtOxPwTpFmtJNTY,spotify:track:7k4t7uLgtOxPwTpFmtJNTY,https://api.spotify.com/v1/tracks/7k4t7uLgtOxPwTpFmtJNTY,https://api.spotify.com/v1/audio-analysis/7k4t7uLgtOxPwTpFmtJNTY,200960,4,Tusa,0
0.77,0.7240000000000001,8,-5.484,1,0.0495,0.0167,0.0105,0.353,0.898,121.97399999999999,audio_features,24Yi9hE78yPEbZ4kxyoXAI,spotify:track:24Yi9hE78yPEbZ4kxyoXAI,https://api.spotify.com/v1/tracks/24Yi9hE78yPEbZ4kxyoXAI,https://api.spotify.com/v1/audio-analysis/24Yi9hE78yPEbZ4kxyoXAI,176840,4,Roses - Imanbek Remix,0
0.5589999999999999,0.491,2,-6.406000000000001,0,0.0346,0.0567,0.0,0.0992,0.114,153.131,audio_features,7h0d2h0fUmzbs7zeFigJPn,spotify:track:7h0d2h0fUmzbs7zeFigJPn,https://api.spotify.com/v1/tracks/7h0d2h0fUmzbs7zeFigJPn,https://api.spotify.com/v1/audio-analysis/7h0d2h0fUmzbs7zeFigJPn,244874,4,HIGHEST IN THE ROOM (feat. ROSAL√çA & Lil Baby) - REMIX,0
0.878,0.525,5,-6.832000000000001,1,0.0578,0.183,0.0,0.0714,0.6940000000000001,112.022,audio_features,1Cv1YLb4q0RzL6pybtaMLo,spotify:track:1Cv1YLb4q0RzL6pybtaMLo,https://api.spotify.com/v1/tracks/1Cv1YLb4q0RzL6pybtaMLo,https://api.spotify.com/v1/audio-analysis/1Cv1YLb4q0RzL6pybtaMLo,158571,4,Sunday Best,0
0.882,0.602,11,-5.553999999999999,1,0.245,0.0177,0.0,0.17800000000000002,0.43,142.959,audio_features,598yNsG1JFrGd4n2kMoz7F,spotify:track:598yNsG1JFrGd4n2kMoz7F,https://api.spotify.com/v1/tracks/598yNsG1JFrGd4n2kMoz7F,https://api.spotify.com/v1/audio-analysis/598yNsG1JFrGd4n2kMoz7F,183011,4,Woah,0
0.7190000000000001,0.758,2,-5.167000000000001,0,0.0851,0.13699999999999998,0.0,0.129,0.49,147.023,audio_features,24NuEDgyRIljwSyY0lsr7b,spotify:track:24NuEDgyRIljwSyY0lsr7b,https://api.spotify.com/v1/tracks/24NuEDgyRIljwSyY0lsr7b,https://api.spotify.com/v1/audio-analysis/24NuEDgyRIljwSyY0lsr7b,198261,4,Black Swan,0
0.809,0.545,7,-6.678,1,0.0735,0.392,0.0,0.151,0.244,97.008,audio_features,3QzAOrNlsabgbMwlZt7TAY,spotify:track:3QzAOrNlsabgbMwlZt7TAY,https://api.spotify.com/v1/tracks/3QzAOrNlsabgbMwlZt7TAY,https://api.spotify.com/v1/audio-analysis/3QzAOrNlsabgbMwlZt7TAY,180435,4,Ballin' (with Roddy Ricch),0
0.866,0.39899999999999997,7,-10.937999999999999,1,0.0745,0.11699999999999999,0.0,0.0689,0.713,129.047,audio_features,20JtELGPfOAMq7FpUt8eSM,spotify:track:20JtELGPfOAMq7FpUt8eSM,https://api.spotify.com/v1/tracks/20JtELGPfOAMq7FpUt8eSM,https://api.spotify.com/v1/audio-analysis/20JtELGPfOAMq7FpUt8eSM,223256,4,Yellow Hearts,0
0.8170000000000001,0.7809999999999999,7,-4.178,0,0.11199999999999999,0.00838,5.21e-06,0.12300000000000001,0.359,104.0,audio_features,07s9NNOT0sZQp7TyolLLgu,spotify:track:07s9NNOT0sZQp7TyolLLgu,https://api.spotify.com/v1/tracks/07s9NNOT0sZQp7TyolLLgu,https://api.spotify.com/v1/audio-analysis/07s9NNOT0sZQp7TyolLLgu,216707,4,Own It (feat. Ed Sheeran & Burna Boy),0
